318.89,38
328.81,51
332.54,49
343.23,33
347.2,28
357.68,30
361.48,29
371.99,54
18.52,67
22.79,67
26.82,72
37.11,88
42.67,192
48.24,188
52.27,70
62.12,65
66.05,63
75.78,62
79.88,63
84.02,67
88.24,73
92.49,80
106.41,332
113.69,344
122.33,419
131.04,80
147.55,394
154.89,342
168.18,62
172.72,60
176.84,52
187.06,42
190.99,39
201.07,37
204.91,34
210.31,50
221.23,161
226.43,158
236.9,75
241.23,76
251.25,69
255.29,71
266.37,37
270.71,37
274.79,30
285.74,37
291.09,47
296.44,77
301.34,75
313.66,47
317.33,34
327.86,51
331.59,48
342.04,32
346.06,29
349.96,27
360.4,28
365.11,67
369.43,68
16.68,54
26.53,69
30.93,79
35.19,76
40.85,152
52.27,119
56.31,69
66.13,63
70.23,62
74.11,61
83.94,67
87.92,69
102.62,427
109.8,344
117.34,365
126.09,461
141.33,103
150.0,407
163.61,79
168.52,67
172.99,61
183.57,47
187.54,44
197.7,40
201.43,38
214.35,107
219.51,163
230.93,158
235.69,111
240.23,75
244.66,76
248.7,70
258.71,72
263.67,69
274.3,37
278.26,33
282.57,38
295.68,76
300.49,76
306.03,75
310.67,40
315.14,45
318.83,37
329.44,53
333.35,50
337.3,49
341.89,43
346.15,32
350.0,33
360.67,30
364.66,30
16.07,55
20.08,66
30.17,78
34.27,75
46.02,191
51.62,189
55.83,72
59.99,68
69.71,62
73.75,61
77.71,63
87.58,69
91.82,74
96.24,82
104.81,429
117.95,351
126.61,436
142.56,107
151.79,405
165.68,78
170.63,68
181.59,50
185.6,47
195.83,40
199.65,40
209.38,34
216.48,131
221.58,163
232.9,158
237.68,111
242.23,75
246.58,77
256.46,70
260.54,72
271.87,37
275.97,34
286.95,39
291.12,37
296.77,62
309.65,64
313.74,38
318.09,50
322.14,35
326.81,56
336.43,48
340.24,50
351.13,32
355.27,30
359.26,25
3.75,30
15.1,78
19.14,54
23.4,68
27.7,68
32.03,77
36.12,74
47.96,191
53.57,189
57.78,72
61.95,68
66.1,66
70.07,62
79.75,62
83.73,64
93.55,71
98.05,81
106.58,424
119.77,345
128.64,427
137.63,88
142.26,101
153.41,387
160.82,346
173.93,69
178.41,61
188.89,47
192.81,42
202.87,39
206.71,39
210.58,35
214.5,33
226.86,161
232.25,159
237.68,158
242.3,87
246.86,76
251.62,75
255.82,69
259.89,71
270.74,49
275.17,38
285.83,38
290.1,40
303.13,81
307.96,75
314.19,64
317.96,38
328.02,49
332.59,45
336.66,52
340.28,50
350.84,33
354.93,33
365.33,29
369.33,30
379.84,56
383.95,63
387.99,69
30.5,77
34.76,78
40.33,183
51.45,107
55.64,70
59.8,69
63.78,65
73.51,62
77.55,62
81.68,66
85.82,67
90.04,75
94.32,81
108.2,333
115.46,344
123.76,414
137.82,103
149.26,387
156.75,348
162.25,84
174.43,60
178.98,53
183.15,49
187.23,45
191.14,44
201.06,38
204.95,38
208.77,34
222.0,162
227.15,159
237.72,89
242.09,74
252.02,67
256.2,69
260.42,74
265.47,53
276.25,33
280.3,33
284.58,34
288.75,33
294.05,51
299.06,77
303.94,77
309.87,62
313.69,35
317.99,44
321.69,40
332.41,51
336.14,48
346.93,32
350.93,28
354.98,28
359.03,27
363.02,28
367.74,66
371.98,73
22.37,68
26.55,70
30.95,80
35.07,77
47.1,190
52.36,107
62.22,67
66.18,63
75.87,62
79.97,64
84.11,67
88.29,70
92.75,80
102.33,428
115.31,345
123.92,422
132.73,89
149.21,392
156.63,342
162.19,82
173.98,56
178.2,51
188.66,43
192.62,39
196.62,38
200.55,38
204.56,39
208.21,37
221.33,163
226.65,161
231.9,159
242.54,77
246.82,74
251.0,69
255.18,71
259.48,76
264.59,50
268.78,34
279.79,32
283.94,35
296.54,74
301.51,78
307.88,60
311.69,35
315.81,47
326.55,45
330.3,52
340.67,40
344.79,33
349.06,27
353.08,29
356.87,29
11.17,95
15.28,58
19.14,61
29.09,73
33.27,77
45.31,192
50.75,189
60.68,68
64.67,66
74.42,62
78.53,63
82.67,66
86.83,68
91.13,75
95.56,82
104.31,428
111.55,346
119.11,368
126.63,1
134.52,91
151.66,413
161.05,126
166.1,77
177.55,54
181.6,49
191.75,42
195.7,38
199.5,38
209.2,34
216.0,149
227.13,159
232.6,158
237.46,95
242.0,75
246.46,76
250.49,69
260.48,73
265.72,51
269.79,33
280.6,34
284.75,35
297.25,79
302.31,78
307.9,74
318.37,43
322.25,44
327.33,48
331.24,51
335.13,49
339.07,47
349.86,28
353.61,28
6.54,32
11.25,78
15.43,67
25.2,68
29.18,69
39.31,78
44.89,193
50.3,190
60.9,69
65.0,67
69.12,64
73.23,62
77.26,61
81.18,63
91.19,69
95.44,79
111.58,333
118.74,346
137.27,87
141.77,102
152.4,395
167.88,79
172.71,68
183.71,52
187.99,47
191.9,40
201.87,39
205.62,39
218.43,132
223.43,163
234.88,157
239.55,110
250.18,74
254.35,68
258.54,70
262.75,72
267.83,65
278.82,33
282.81,30
287.19,38
291.29,33
303.91,74
309.16,76
314.12,44
318.07,42
328.85,51
332.83,52
336.73,49
340.42,49
351.09,25
355.07,28
365.45,29
369.85,47
374.41,86
378.35,53
382.49,66
386.48,66
30.88,75
35.68,94
41.22,191
46.64,189
56.48,67
60.46,65
70.15,61
74.22,61
78.34,65
82.48,67
86.67,72
90.98,80
105.05,330
112.31,344
120.96,421
129.66,80
146.25,398
153.51,336
166.39,67
170.74,56
181.27,47
185.3,40
189.31,40
193.17,39
202.89,37
209.15,87
220.19,161
225.45,158
235.85,75
240.6,77
244.65,72
254.59,72
259.7,69
270.8,35
274.63,30
285.59,37
291.5,78
304.82,47
308.5,37
318.9,54
322.98,45
326.88,52
330.62,48
341.38,33
345.38,30
355.79,30
359.96,29
364.75,97
368.76,56
372.69,61
26.32,71
30.5,78
42.5,192
47.95,190
57.83,67
61.88,65
71.62,61
75.73,64
79.86,65
83.88,68
94.14,82
102.71,434
116.08,355
124.9,440
133.59,89
150.34,409
157.64,334
170.25,66
174.56,58
184.91,45
189.43,42
192.81,39
202.65,37
206.32,37
218.97,164
224.25,162
229.67,159
234.55,144
245.22,77
249.47,70
253.7,69
257.81,70
268.9,37
273.05,38
284.16,35
288.29,35
294.04,66
307.53,64
311.49,37
315.76,52
326.21,47
330.13,52
333.88,49
344.52,33
348.39,29
358.8,27
362.79,30
373.25,57
18.43,64
22.53,67
26.56,70
36.68,77
42.1,192
52.59,80
56.57,69
66.4,63
70.4,62
80.22,65
84.37,67
88.55,70
93.03,80
102.85,428
109.92,343
124.28,421
133.04,82
149.65,396
157.08,338
162.64,78
167.89,70
172.67,65
176.94,60
187.55,42
191.72,43
195.64,40
199.56,35
203.21,35
215.98,146
221.27,162
226.59,159
232.06,157
236.81,103
241.33,74
245.76,75
249.78,69
259.8,71
264.81,63
275.46,34
279.39,30
283.64,34
295.96,68
300.71,73
305.9,72
311.23,39
321.2,34
326.02,52
329.99,51
333.77,48
337.63,45
341.89,38
345.98,33
356.32,27
360.35,24
364.42,29
10.41,85
20.52,65
24.69,67
28.88,70
33.26,76
37.5,75
43.12,184
53.97,90
58.51,68
62.68,67
66.79,63
70.88,61
75.21,60
78.85,62
88.73,67
92.98,77
110.03,332
117.22,343
135.9,83
140.31,103
157.59,377
163.08,82
168.28,67
173.11,67
183.86,52
187.81,45
197.88,39
201.83,38
205.51,38
218.17,159
223.42,163
228.73,159
234.04,157
244.64,75
249.02,75
253.05,68
263.02,74
268.42,50
272.79,38
277.02,37
280.96,30
285.24,37
297.74,59
302.74,74
307.87,81
313.48,39
317.2,35
328.07,57
332.03,49
335.93,49
339.61,47
350.62,29
354.69,30
359.04,29
2.77,27
6.77,29
17.7,55
21.83,64
25.92,68
30.12,70
34.39,80
46.24,193
51.85,190
56.08,72
60.21,69
64.24,67
74.13,61
78.08,61
87.98,67
92.01,69
108.3,324
115.38,342
130.6,475
137.6,87
142.22,102
152.35,390
159.74,344
172.65,66
177.13,58
187.73,48
191.73,44
201.83,39
205.52,39
218.38,144
223.76,163
229.04,160
234.52,158
239.22,118
249.92,76
253.85,69
263.78,75
269.13,49
273.07,33
283.76,30
288.16,40
292.35,35
298.25,60
302.99,74
315.42,38
319.48,47
330.18,44
334.1,52
337.73,48
348.33,32
352.3,27
362.8,28
366.9,32
371.95,73
376.61,59
380.67,58
384.74,66
29.3,77
33.49,76
39.82,192
45.36,190
49.94,83
59.87,68
63.83,64
73.51,62
77.63,65
81.62,67
91.84,82
100.46,429
113.43,349
121.95,432
137.43,104
146.91,400
154.32,340
159.82,84
164.92,75
169.82,63
174.21,53
178.44,51
182.67,47
186.78,42
190.8,39
194.81,39
198.69,39
202.42,38
215.61,164
220.73,161
231.88,144
236.36,76
240.69,76
250.61,70
254.71,71
265.67,37
269.86,38
280.69,35
284.8,37
297.73,78
303.16,83
307.68,40
317.68,37
322.5,52
326.34,53
336.08,45
340.61,32
344.76,32
348.56,29
359.05,32
363.77,70
368.14,71
372.38,56
19.8,69
29.94,81
34.21,77
39.78,150
51.33,127
55.52,70
59.55,68
69.39,63
73.28,62
83.14,67
87.32,70
91.81,81
102.02,434
109.28,346
116.67,365
133.58,85
138.15,104
148.63,391
156.02,346
169.08,68
173.68,61
177.76,54
187.94,43
192.04,42
195.94,40
205.44,34
209.54,33
221.46,162
227.06,160
232.27,158
242.96,77
247.01,72
257.0,71
261.09,75
272.31,35
276.29,35
287.27,38
292.93,54
298.2,78
303.27,74
315.22,48
318.92,37
329.58,52
333.32,49
344.41,33
348.51,30
352.38,29
363.05,34
367.85,91
13.82,60
23.75,68
28.02,71
32.36,78
36.54,76
48.4,190
53.1,88
62.96,65
66.89,64
76.63,63
80.6,64
90.56,73
95.06,81
103.92,426
111.0,343
125.2,412
140.07,808
157.33,376
162.52,84
174.94,59
179.27,55
183.46,49
187.57,47
191.45,39
201.31,38
205.13,37
208.97,35
215.65,88
220.91,164
226.19,161
231.56,159
236.61,146
240.93,74
251.25,69
255.4,69
259.65,69
263.79,74
274.95,37
279.31,34
283.62,38
295.85,60
300.9,79
306.11,80
318.0,45
321.75,38
332.49,52
336.39,49
340.45,45
351.2,29
355.2,27
358.99,27
11.52,98
15.63,56
19.56,61
29.63,75
33.82,78
45.78,192
51.16,188
61.06,67
65.2,65
69.14,61
78.8,62
82.93,65
86.85,66
103.82,435
111.06,344
118.57,362
127.54,460
135.04,89
151.71,410
162.5,247
167.63,70
172.45,64
176.91,53
181.34,51
185.35,45
195.59,39
199.37,35
209.34,35
216.19,123
227.31,160
232.71,156
237.52,108
241.9,74
252.07,66
256.25,69
260.45,71
265.56,64
269.78,33
273.97,37
284.82,42
289.06,37
294.38,49
299.6,79
304.44,73
317.02,47
320.72,35
331.35,52
335.07,47
345.66,34
349.87,28
353.93,25
358.02,32
4.51,30
8.68,35
18.8,55
22.92,68
26.96,69
37.09,77
42.58,136
54.15,148
58.35,70
62.53,68
66.59,65
76.39,62
80.46,63
84.62,66
88.79,68
93.1,74
97.61,82
106.36,418
119.62,362
128.49,455
136.35,81
140.78,103
158.1,377
163.31,85
175.85,64
180.27,57
184.51,48
188.48,47
198.55,42
202.54,40
206.28,38
218.81,161
224.29,163
229.48,160
240.18,91
244.59,76
254.74,68
258.8,71
269.8,43
274.04,37
278.19,35
288.95,38
293.1,37
306.3,76
312.5,64
316.53,37
320.67,49
331.41,44
335.3,53
339.19,48
343.34,50
347.79,42
358.18,27
362.19,27
366.15,29
377.27,68
381.16,54
391.1,69
28.2,79
32.44,76
38.19,153
43.57,191
54.12,66
58.25,66
62.24,65
72.07,62
76.11,62
80.07,64
90.13,78
100.83,438
114.29,68
118.48,65
131.82,777
149.86,418
158.07,104
163.35,75
168.36,66
172.64,61
183.09,45
187.08,42
190.98,42
200.7,38
204.59,35
210.8,75
221.8,162
227.01,158
237.42,76
241.97,75
245.98,73
255.93,71
260.03,76
271.27,39
275.75,34
280.25,43
284.4,39
297.42,76
302.74,79
308.3,47
312.14,37
316.25,43
320.1,40
325.11,47
329.04,53
332.93,49
337.0,50
341.42,43
351.91,30
355.95,27
360.03,30
364.13,33
369.07,98
372.96,56
23.72,67
27.83,76
39.08,122
44.49,191
54.83,67
58.92,62
62.79,61
72.44,59
76.43,58
80.23,59
90.12,69
94.4,78
98.78,81
109.27,85
113.52,82
132.99,83
137.53,102
147.81,395
162.53,77
167.41,67
178.42,51
182.58,40
186.37,38
196.33,37
199.98,35
212.67,104
217.74,161
229.05,157
233.95,129
238.26,74
248.5,70
252.54,70
263.54,51
267.81,34
271.97,35
282.91,38
287.18,37
292.78,58
305.43,77
310.11,44
320.08,37
325.1,53
329.03,52
332.93,49
336.66,48
347.48,32
351.4,28
361.83,29
366.49,59
12.85,76
16.72,55
26.61,69
30.9,81
42.59,179
48.13,190
52.81,76
62.64,62
66.6,63
76.4,57
80.58,55
84.39,54
94.0,62
98.01,67
112.37,345
119.84,366
127.21,1
141.09,103
150.59,399
158.04,343
163.51,78
175.88,63
180.15,52
184.3,49
194.4,40
198.29,39
202.14,40
205.96,38
209.81,38
222.99,162
228.16,159
238.95,78
243.71,76
247.97,76
252.0,70
262.01,77
266.8,44
277.55,35
281.85,39
286.12,35
290.17,35
303.18,75
309.11,75
313.05,38
323.02,44
327.92,43
337.36,49
341.63,39
346.14,37
350.08,28
360.61,29
5.72,28
10.33,62
20.18,58
24.33,66
28.4,68
38.51,76
44.39,162
49.94,190
55.44,189
65.07,49
68.93,47
73.02,45
76.8,48
86.32,50
90.22,49
93.95,49
103.55,58
107.56,66
124.93,360
139.1,764
143.49,93
153.89,392
161.38,343
167.51,77
172.69,73
183.94,53
188.11,47
192.26,45
196.3,40
200.23,43
204.31,40
208.25,37
212.11,35
218.6,87
229.74,160
235.15,157
240.0,140
250.69,77
254.73,69
264.73,73
270.06,58
274.46,37
278.59,32
282.48,29
293.55,34
299.56,65
304.25,76
316.87,34
321.14,49
325.02,34
329.8,49
333.71,50
337.66,48
341.54,47
345.83,42
349.81,33
360.36,29
364.36,28
368.45,30
373.24,85
377.43,60
381.72,60
385.73,67
29.08,77
33.18,76
44.74,189
50.16,189
60.93,45
64.75,47
68.46,47
78.0,56
81.85,52
85.73,49
89.46,49
99.03,53
103.14,65
112.03,334
120.32,407
130.53,84
137.39,103
146.7,403
160.69,77
165.62,66
170.0,60
180.53,47
184.7,43
188.55,44
198.43,38
202.22,35
207.33,40
212.47,166
223.92,160
228.88,158
239.62,76
243.73,71
253.57,72
258.22,72
262.42,39
266.64,35
277.44,38
281.4,38
294.35,78
299.78,79
305.01,43
314.82,37
319.56,54
329.31,48
333.49,44
337.9,38
341.82,28
352.23,28
356.28,28
360.77,63
370.73,62
374.87,67
24.24,69
28.65,79
32.77,76
44.74,190
50.19,189
60.72,48
64.58,45
68.29,45
77.82,51
81.62,54
90.97,49
94.81,49
98.71,49
102.72,54
106.91,66
115.75,368
123.12,1
131.85,81
150.19,416
157.21,98
169.28,65
173.73,57
177.78,50
187.99,42
191.84,43
201.77,38
205.67,33
212.45,138
217.68,162
222.81,160
233.62,103
238.22,75
242.55,76
252.39,70
256.51,71
267.71,37
271.81,34
282.61,35
286.76,37
292.9,71
297.65,74
303.08,77
307.77,38
318.04,38
322.71,52
332.2,49
336.49,42
340.97,32
345.13,32
349.08,30
359.59,29
364.47,69
368.86,67
372.74,56
25.56,70
29.84,80
41.62,193
47.22,189
52.66,188
63.58,44
67.22,44
76.71,47
80.57,51
84.36,52
93.7,47
97.42,47
107.25,63
111.6,73
119.54,387
136.66,107
141.3,107
150.03,416
166.27,65
170.9,66
181.73,47
185.81,43
189.89,44
193.88,42
197.71,39
207.58,39
213.79,163
219.04,163
224.32,161
229.59,158
240.12,76
244.4,76
254.33,71
258.8,75
263.86,47
274.64,35
278.65,30
289.7,37
295.13,82
308.51,52
312.36,37
316.43,44
320.22,42
330.86,50
334.77,48
338.86,42
349.76,28
353.78,28
357.65,29
368.92,95
14.93,54
18.85,63
28.93,76
33.19,75
37.26,77
48.61,189
54.22,189
60.73,120
64.46,47
73.87,45
77.9,47
81.66,49
91.21,51
94.97,49
104.5,49
108.59,55
112.62,68
129.71,84
134.56,106
139.18,107
143.79,108
153.03,420
168.64,72
173.3,59
177.68,55
181.76,51
192.04,45
196.01,42
199.98,39
203.92,37
207.8,35
214.71,91
220.04,163
225.24,161
236.46,125
240.95,75
245.5,75
249.7,70
253.89,69
257.95,71
268.99,35
273.25,35
277.29,34
288.36,35
292.57,39
305.79,75
311.54,48
315.49,35
319.61,43
323.4,44
334.14,52
337.99,49
342.26,44
346.51,35
357.07,32
361.09,29
365.3,30
9.82,65
19.81,61
23.84,67
33.96,77
38.68,76
44.28,192
49.75,189
61.28,189
65.69,48
74.51,45
78.3,47
87.9,55
91.86,53
95.78,50
99.67,48
103.56,48
107.42,50
111.26,56
128.17,429
136.94,80
153.73,401
161.28,339
166.69,84
171.74,67
176.57,64
180.79,55
184.94,52
195.12,44
199.19,43
203.04,42
212.71,34
219.72,137
230.86,160
236.26,158
246.92,76
251.54,75
261.16,71
265.33,75
277.15,37
281.23,35
292.31,37
296.54,38
302.26,78
306.72,76
319.23,35
323.35,44
327.26,39
332.02,47
341.53,48
345.52,44
356.44,29
360.51,28
364.47,25
375.87,91
380.01,59
383.92,58
393.89,71
29.0,79
40.21,193
45.65,190
57.57,181
61.44,48
65.07,44
74.51,47
78.39,49
82.17,53
91.64,50
95.52,49
99.25,48
109.01,66
118.51,367
133.79,764
138.62,116
148.42,395
155.94,346
161.42,81
173.67,62
177.87,54
188.08,44
191.93,43
201.72,35
205.56,37
209.93,38
221.53,162
226.68,159
237.13,79
241.67,75
245.96,75
249.98,69
259.91,76
265.0,42
269.33,37
273.43,34
284.23,34
288.29,34
294.22,65
298.96,74
304.2,79
309.12,45
319.07,38
324.02,54
327.94,53
331.84,50
335.77,49
340.78,45
344.87,28
348.85,27
352.62,27
363.19,30
367.71,99
377.76,67
23.24,67
33.29,74
38.57,120
49.91,188
55.44,189
59.66,51
69.04,45
72.73,45
82.19,52
86.11,52
90.17,50
94.09,49
97.97,49
101.81,50
105.69,57
122.49,410
135.36,791
153.24,419
158.77,87
163.98,74
168.75,64
179.78,52
183.82,44
193.94,43
197.82,40
207.44,35
214.32,138
219.59,162
224.91,161
230.31,157
235.1,114
239.43,75
249.53,70
253.72,71
257.77,72
268.97,37
273.07,34
283.93,33
287.97,35
300.95,71
307.17,61
311.12,38
315.25,50
325.76,47
329.47,52
339.14,38
343.29,33
353.68,30
357.61,29
368.84,92
15.06,55
19.23,68
23.39,68
27.48,74
38.42,107
44.0,193
49.57,188
55.01,189
64.92,44
68.75,43
72.49,44
82.11,51
86.07,51
95.3,48
99.05,49
112.54,96
120.58,385
133.35,783
140.67,102
149.17,407
162.59,79
167.62,68
172.26,60
176.41,53
186.79,44
190.7,43
200.69,39
204.36,37
217.69,164
222.82,162
233.93,135
238.41,76
242.96,76
247.14,70
251.37,69
255.58,71
259.68,76
271.3,35
275.31,30
286.18,33
291.0,44
303.32,78
308.89,47
313.5,45
317.38,35
321.28,50
331.64,49
335.55,50
339.97,44
344.0,32
354.19,29
358.15,29
362.28,30
10.65,92
14.75,57
18.71,61
28.72,71
32.92,78
44.81,193
50.27,190
61.32,74
65.18,45
68.87,43
78.35,47
82.21,50
86.35,51
90.25,49
93.99,48
103.64,54
107.87,68
117.17,347
125.86,436
132.96,107
150.72,396
158.28,341
163.72,80
175.49,59
179.61,51
190.07,44
194.13,40
198.34,42
202.16,39
213.65,47
218.98,164
224.21,161
229.37,157
239.87,76
244.34,74
248.64,74
252.82,68
257.07,69
261.34,73
266.52,54
270.78,32
275.06,37
278.94,29
283.18,37
295.21,48
300.27,78
312.94,39
317.22,45
320.96,37
331.67,50
335.42,48
346.0,34
350.03,28
354.04,28
358.12,29
362.16,29
14.75,77
18.75,53
22.77,67
33.15,80
37.19,72
48.64,189
54.08,187
65.05,48
68.86,43
72.54,42
82.0,45
85.75,50
95.26,47
98.93,47
108.72,61
112.91,69
120.16,348
136.58,104
141.76,115
153.36,385
160.9,343
166.6,80
171.72,64
176.38,60
180.76,55
185.08,51
189.09,45
199.19,39
203.15,39
206.84,39
219.69,141
224.81,163
236.29,157
240.88,108
251.6,74
255.83,68
259.95,68
264.21,70
269.53,67
273.76,33
277.86,39
288.61,37
292.95,35
297.9,44
303.04,74
315.72,45
319.67,35
323.68,44
327.71,45
332.72,44
336.68,52
340.58,49
344.52,50
355.4,30
359.25,27
369.83,32
374.55,70
384.73,64
388.74,67
30.27,74
34.38,78
45.51,190
51.08,189
57.43,150
61.27,44
65.09,44
68.91,44
72.75,45
76.48,49
85.91,49
89.63,47
99.13,53
103.55,67
112.48,342
128.81,106
134.3,115
145.55,389
153.01,341
158.66,78
163.74,77
168.36,62
179.14,51
183.13,45
193.28,42
197.03,39
209.48,80
214.71,164
219.99,162
225.23,158
235.64,75
240.17,76
244.35,71
248.5,68
252.54,71
263.68,38
267.98,34
272.05,33
282.96,39
287.52,40
300.07,72
305.87,50
309.52,33
320.09,51
323.94,44
333.45,48
337.5,39
348.17,28
352.26,25
356.14,27
367.51,79
371.5,54
375.64,67
23.06,67
27.58,76
31.69,75
43.59,190
49.03,189
60.04,68
63.75,44
73.25,44
77.1,45
80.84,49
90.16,47
94.03,47
97.73,47
107.68,69
115.05,346
123.54,423
138.58,118
143.47,114
157.06,336
162.19,76
167.38,72
172.0,65
182.9,45
187.0,40
190.85,38
200.86,39
205.62,38
208.58,33
221.41,161
226.7,158
232.01,157
242.65,74
246.93,73
251.09,67
255.26,69
259.3,72
270.73,34
274.76,33
285.47,34
289.44,34
302.74,79
308.86,54
312.95,34
317.04,43
320.75,39
331.44,51
335.33,48
339.29,42
350.29,30
354.32,25
358.29,29
369.6,99
14.94,56
19.02,61
23.19,68
27.22,69
37.32,78
43.1,175
48.65,190
54.08,188
65.18,45
68.86,43
78.32,45
82.04,48
91.49,48
95.21,47
104.73,52
108.91,64
118.68,340
137.9,776
142.69,109
147.23,114
160.78,339
166.27,75
178.36,60
182.69,52
186.99,49
191.17,48
195.14,43
204.96,43
208.63,37
221.1,167
226.38,162
231.7,160
237.17,158
241.79,98
246.32,75
250.83,77
254.87,70
264.79,74
269.98,64
281.02,37
284.85,29
295.97,38
301.81,78
314.97,54
318.78,34
322.92,50
333.5,45
337.24,52
347.4,42
351.44,32
362.08,29
3.19,28
14.38,82
18.4,55
22.79,69
26.8,68
36.9,76
42.54,131
47.95,192
59.36,190
63.71,57
73.16,47
77.02,47
80.92,50
84.74,53
88.61,52
92.51,50
96.4,49
100.51,50
104.38,56
118.18,341
126.65,416
134.84,98
144.89,105
154.14,416
162.77,105
167.98,73
179.22,56
183.41,50
187.52,48
191.58,44
195.67,40
199.62,39
203.36,39
214.67,44
219.91,165
225.18,162
230.4,159
240.88,77
245.4,75
249.67,73
253.69,69
263.87,76
268.46,42
279.33,34
283.41,34
295.21,47
300.29,78
312.88,48
316.61,35
327.54,57
331.33,50
341.02,47
345.44,40
355.91,27
360.1,28
364.13,29
375.08,66
379.11,56
383.11,68
28.77,79
32.8,76
44.77,190
50.16,189
61.11,48
64.97,47
68.82,47
72.67,47
76.62,50
80.51,51
84.35,50
88.2,49
97.87,55
101.89,65
115.28,365
124.03,465
137.08,98
141.71,106
149.86,419
157.16,98
162.53,76
173.9,55
178.1,53
182.38,48
186.44,44
190.38,39
194.15,38
203.97,37
210.34,75
221.3,161
226.55,158
236.93,76
241.3,76
251.1,70
255.14,71
266.04,37
270.27,34
274.13,29
285.21,42
290.66,57
295.57,78
308.06,37
312.24,50
323.03,51
326.94,52
330.66,49
341.28,34
345.41,30
349.4,28
353.22,28
364.67,80
368.99,62
373.02,58
20.65,68
24.81,69
29.09,81
40.5,184
46.09,191
51.52,189
62.6,50
66.3,47
75.93,50
79.78,53
89.26,49
93.67,50
96.92,52
112.78,320
121.02,404
133.31,782
149.5,421
158.39,131
170.66,58
174.91,54
185.28,44
189.3,39
193.15,38
202.81,38
206.87,33
213.04,162
218.17,162
229.55,158
234.02,94
244.6,74
248.63,69
258.57,76
263.45,47
274.22,35
278.61,38
283.02,39
287.09,38
300.4,73
306.35,62
316.31,38
321.05,55
325.06,49
329.02,51
332.74,49
343.66,28
347.56,29
351.54,27
355.48,28
359.43,27
369.97,57
17.82,62
21.86,69
31.97,77
36.11,78
47.51,190
52.9,190
63.93,45
67.77,43
71.47,44
80.98,51
84.75,51
94.26,49
98.2,53
102.3,62
106.5,71
113.58,338
134.19,766
138.75,97
143.09,102
157.14,338
162.39,75
167.52,71
172.22,64
176.43,54
186.93,44
191.0,42
195.1,43
198.92,40
208.82,37
215.41,158
226.52,160
231.99,158
236.49,96
247.04,73
251.26,69
255.4,70
259.53,73
271.07,35
275.13,30
285.76,35
289.88,33
295.92,75
300.47,74
312.5,34
316.52,45
327.0,43
330.75,51
340.53,43
344.79,34
348.83,30
352.77,27
356.84,29
360.8,27
13.5,73
17.36,53
27.26,69
31.76,81
35.79,74
47.67,190
53.27,188
58.82,190
64.4,193
69.89,197
80.38,58
84.32,53
88.09,51
97.62,49
101.45,43
105.24,44
108.97,47
118.36,44
122.07,45
131.51,52
135.64,63
145.96,99
155.83,422
172.09,71
176.67,58
181.21,56
185.58,50
189.86,47
193.8,43
203.73,40
207.61,38
211.57,38
218.35,101
223.43,163
234.77,158
239.63,136
250.26,76
254.37,68
258.46,69
269.29,53
273.54,37
277.66,35
288.67,38
293.02,38
298.72,56
303.68,78
308.76,75
314.62,58
324.68,38
329.37,57
339.0,49
343.11,49
347.59,39
358.29,25
0.84,27
4.68,25
15.83,72
19.61,54
29.5,68
33.92,80
38.01,74
49.46,191
54.9,189
66.18,191
71.62,195
83.02,212
87.05,55
90.84,52
100.28,50
104.05,51
113.69,57
121.15,349
131.34,431
135.46,67
145.66,88
150.08,101
158.18,416
166.59,105
171.75,77
183.29,54
187.49,50
191.64,44
201.8,40
205.68,38
209.49,37
213.22,35
225.89,163
231.16,160
236.48,158
241.58,146
246.06,75
250.6,75
254.82,72
258.99,68
263.16,69
267.39,74
272.62,45
276.73,33
287.48,34
291.98,32
295.93,37
308.94,72
314.33,70
319.02,42
323.0,44
333.9,54
337.83,52
341.56,48
352.17,33
356.18,29
366.81,32
370.89,28
375.73,62
380.19,72
384.19,54
19.34,68
29.42,80
33.43,75
45.43,189
50.83,187
62.12,191
67.49,194
78.82,211
82.74,56
92.18,50
95.94,51
105.4,56
109.56,60
117.67,360
122.03,63
126.02,63
136.25,76
140.52,88
156.86,335
161.75,78
166.94,70
177.97,52
182.18,47
186.23,43
190.27,42
194.55,38
198.56,40
202.22,37
215.09,152
220.14,162
231.49,157
236.04,96
246.52,73
250.68,67
254.67,68
265.17,34
269.3,30
273.43,32
277.32,29
281.65,35
285.93,34
290.03,37
296.12,75
300.76,77
306.24,74
310.69,47
320.54,38
325.41,48
329.18,52
338.89,39
343.63,40
347.71,30
351.66,28
361.95,29
366.54,63
18.35,60
22.35,68
32.35,76
36.6,77
42.24,190
47.71,189
53.14,189
64.35,193
69.9,198
75.38,205
86.95,55
90.83,51
94.94,51
98.8,52
102.73,54
106.64,59
120.65,55
124.63,64
134.72,73
139.15,85
153.87,393
158.97,81
163.95,73
175.39,57
179.68,50
183.49,44
193.43,42
197.4,40
201.26,38
205.05,38
210.26,40
215.54,165
220.66,163
231.97,157
236.25,78
246.82,72
250.98,70
255.09,70
259.45,75
270.94,38
274.96,33
286.02,39
291.16,51
296.28,76
301.11,76
313.41,48
317.12,35
327.88,54
331.62,50
341.96,35
345.97,29
349.87,29
360.36,28
9.24,59
19.24,61
23.47,68
27.65,70
32.07,81
36.33,76
42.22,159
47.62,190
59.06,190
64.44,194
75.89,206
82.45,176
92.04,52
95.96,52
99.76,54
109.46,60
119.12,356
129.24,64
133.32,68
143.63,102
151.7,414
160.42,108
165.67,75
177.11,54
181.16,50
191.37,42
195.33,39
199.23,39
202.89,37
215.57,165
220.67,161
232.02,158
236.37,78
246.75,71
251.1,68
255.13,70
266.07,37
270.28,33
281.11,37
285.21,33
297.71,75
302.98,77
314.06,45
317.91,39
322.61,49
332.08,48
336.2,47
346.91,29
350.77,29
7.28,30
11.97,97
15.94,56
25.86,68
29.96,75
40.8,103
46.47,191
52.09,190
63.47,192
68.95,196
80.4,213
84.7,63
88.67,54
92.45,53
102.05,54
105.89,57
121.4,358
125.64,67
135.76,69
139.87,76
154.29,414
163.78,132
169.13,73
174.03,65
178.56,59
182.91,54
193.26,43
197.32,42
201.26,42
205.07,38
217.83,102
223.1,164
228.15,162
239.43,129
243.97,75
248.54,76
253.26,71
256.94,69
267.81,68
272.06,35
276.05,35
286.95,35
291.43,35
296.32,44
308.92,76
314.12,44
324.1,37
329.18,53
333.06,52
336.98,50
340.75,49
351.7,28
355.7,27
359.49,27
370.49,55
375.02,77
378.95,54
382.98,68
393.16,81
31.15,76
36.79,132
42.2,191
53.56,191
58.98,193
70.29,204
75.95,214
85.69,52
89.55,51
93.31,51
102.9,57
106.89,62
118.98,64
123.18,67
127.3,68
137.37,89
147.15,410
160.49,83
165.52,74
170.03,61
180.61,49
184.69,44
188.74,43
192.59,43
202.35,37
206.34,37
212.91,161
218.19,161
223.5,159
229.02,157
233.82,95
238.36,76
242.79,76
246.94,68
250.96,69
261.93,56
266.19,33
270.54,34
274.54,33
278.78,33
290.44,48
295.7,79
300.64,75
306.45,54
316.35,37
320.57,52
330.45,48
334.5,47
339.01,40
343.16,29
346.96,28
357.29,27
361.33,30
371.79,54
375.94,67
22.39,66
26.32,72
36.51,84
41.93,192
53.29,188
58.75,190
64.13,194
75.49,208
79.98,61
83.77,53
93.37,53
97.31,54
101.26,54
105.26,58
113.38,336
119.81,49
123.98,59
128.32,67
135.99,81
140.9,94
149.17,408
162.67,80
167.6,69
172.14,66
182.79,48
186.79,42
190.7,42
200.56,39
204.17,37
217.41,164
222.56,163
233.81,138
238.3,76
242.85,76
246.92,72
256.84,72
261.78,74
266.03,38
270.2,37
274.3,33
285.17,37
289.25,38
302.72,74
308.44,55
318.39,38
322.77,56
332.65,50
336.74,50
341.37,42
345.35,32
355.73,29
359.72,30
370.83,71
15.97,53
26.02,69
30.35,80
34.6,76
40.39,160
45.99,189
51.59,189
57.13,190
62.52,193
73.81,207
78.24,64
82.47,59
86.33,54
95.69,42
99.48,38
103.05,38
112.42,39
116.03,43
133.28,1
140.64,1
149.43,404
156.72,336
169.72,65
174.22,61
178.62,52
182.85,45
186.91,43
190.82,43
200.73,38
204.57,39
208.63,37
215.16,161
220.45,162
225.59,161
236.4,92
240.89,76
245.33,76
249.52,70
253.56,70
264.55,51
268.58,35
279.28,33
283.72,33
296.14,78
300.84,77
306.56,74
317.11,44
320.95,40
331.48,53
335.36,48
339.43,40
350.28,28
354.33,29
358.39,27
362.43,32
367.24,66
13.37,72
23.33,67
27.38,70
37.69,77
43.15,194
54.51,191
60.32,193
65.88,195
69.7,52
79.35,42
83.17,40
86.98,40
90.78,40
94.73,42
98.49,65
108.83,96
118.67,349
134.96,1
141.91,1
151.16,403
158.49,339
171.89,70
176.41,56
180.54,50
191.01,45
194.91,40
204.9,35
208.96,38
215.74,101
221.21,163
226.35,161
237.46,127
241.96,76
246.36,76
256.36,70
260.61,72
265.39,73
276.19,33
280.07,34
291.23,39
296.66,50
309.39,79
314.05,45
323.91,37
328.83,52
332.67,52
342.44,47
346.98,39
357.49,29
361.53,30
4.78,30
15.64,64
19.6,55
23.79,68
27.98,69
32.33,79
36.75,75
41.14,86
46.51,192
59.43,43
63.48,58
67.59,63
71.71,63
75.56,58
85.41,58
89.44,61
93.4,62
103.8,77
108.01,77
112.09,72
126.32,404
138.79,783
157.01,417
163.17,90
168.72,72
173.58,70
184.72,50
188.88,45
192.97,39
196.93,39
200.73,38
210.38,37
216.8,74
222.08,164
227.37,161
232.73,157
238.0,154
242.33,75
252.67,69
256.69,68
267.67,70
271.92,33
276.17,38
286.91,34
291.04,38
303.95,74
309.12,79
314.69,48
324.65,34
329.78,53
333.7,51
337.6,49
341.33,47
352.18,27
356.66,28
360.35,19
364.07,18
367.89,19
378.34,19
382.3,20
28.92,38
33.2,69
38.98,176
43.69,51
52.33,54
56.16,60
65.71,54
69.5,54
79.01,57
82.82,56
92.74,70
96.93,74
113.94,307
123.03,438
145.51,387
153.25,354
158.72,79
170.81,61
174.98,52
185.29,42
189.39,42
193.25,39
202.88,38
207.07,40
212.8,161
223.88,159
229.33,157
233.83,91
244.3,72
248.47,69
252.66,70
256.9,76
262.02,45
266.38,39
270.63,35
274.61,30
278.98,39
283.21,33
287.17,39
300.25,80
305.9,52
315.82,35
320.63,52
324.85,52
328.6,50
339.12,44
343.23,30
347.35,30
351.39,30
362.16,18
366.28,19
370.34,22
25.27,40
29.4,75
41.13,86
44.87,49
54.39,57
58.17,57
67.73,55
71.51,53
81.09,57
84.91,56
94.92,73
99.02,76
109.07,61
113.27,59
121.49,409
142.23,383
150.22,415
166.5,64
171.03,64
181.88,49
185.96,44
190.01,42
194.04,40
197.99,39
201.89,39
205.8,35
212.68,112
217.93,163
223.1,160
228.5,157
233.58,129
238.0,75
242.39,76
252.34,70
256.41,72
267.82,35
271.95,38
282.99,38
287.18,38
300.56,80
306.48,62
316.56,37
320.74,56
324.94,44
328.84,51
332.74,49
337.01,44
341.97,35
345.96,29
356.27,29
360.69,23
13.14,25
17.56,32
28.71,79
33.0,78
38.59,186
48.1,51
51.92,56
61.56,56
65.51,54
69.45,54
73.28,56
82.97,57
86.88,59
97.85,82
102.36,68
106.53,63
110.59,58
120.93,429
139.75,407
147.87,412
155.22,332
167.65,63
172.09,59
182.76,45
186.7,40
190.73,40
194.59,39
204.41,35
211.67,118
216.75,162
227.95,156
232.79,123
237.11,74
247.32,68
251.34,68
262.53,56
266.72,34
277.68,32
281.96,37
286.01,34
299.17,75
305.28,71
309.15,37
319.1,47
323.95,52
327.87,51
332.31,49
336.35,43
347.16,29
351.02,29
354.96,27
359.14,28
363.85,27
10.27,25
22.95,66
27.21,79
38.87,165
42.87,53
46.89,51
50.68,53
60.34,57
64.16,55
73.64,55
77.64,57
81.7,58
85.69,57
89.78,61
93.95,71
105.44,65
109.47,61
113.39,58
135.15,424
143.42,409
151.52,418
164.91,70
169.68,64
173.97,56
184.26,45
188.18,43
198.11,39
201.95,39
205.98,37
212.72,158
223.72,160
229.2,158
233.8,108
244.29,75
248.33,69
258.25,74
263.38,54
274.48,37
278.91,33
283.3,35
287.32,39
300.87,78
307.23,62
310.97,34
321.2,51
325.85,47
335.38,49
340.17,42
343.68,37
353.88,27
357.79,29
2.15,30
14.09,29
19.11,35
23.61,61
33.71,76
39.33,143
49.93,51
53.68,54
63.29,57
67.1,55
76.7,56
80.67,57
84.57,57
94.48,68
98.83,74
104.36,85
108.59,62
112.54,59
133.57,760
141.85,409
149.92,412
157.33,333
162.52,80
167.79,67
172.55,63
176.83,54
187.2,42
191.16,39
195.05,42
204.79,39
208.7,37
221.68,163
227.01,160
232.35,158
243.06,76
247.26,74
257.12,70
261.22,74
273.2,37
277.32,35
288.46,40
292.99,42
306.16,75
311.71,50
321.7,37
326.22,57
336.01,50
340.02,50
344.58,45
348.76,30
352.86,32
356.78,29
360.42,28
371.8,35
376.63,34
381.28,39
24.9,80
29.14,75
33.25,78
43.49,51
47.24,51
56.72,57
60.53,56
70.09,55
74.03,55
78.0,57
81.84,56
91.76,69
96.21,77
106.62,60
110.55,53
121.54,449
134.22,432
143.7,395
151.58,371
164.32,68
168.97,63
179.75,51
183.85,42
187.85,38
191.87,40
195.57,35
205.48,37
211.47,165
222.49,160
227.79,157
238.4,75
242.73,73
246.72,67
256.78,75
261.98,42
266.28,35
270.3,34
281.47,38
285.65,37
299.07,72
304.99,71
308.82,35
318.88,47
323.59,45
327.49,52
331.23,48
342.0,37
345.95,28
349.79,27
360.1,29
365.13,40
369.42,25
22.67,47
26.96,80
30.99,74
42.37,85
46.28,51
50.05,52
59.62,56
63.56,55
67.35,54
76.84,55
80.8,56
84.68,57
94.65,72
101.38,93
111.29,51
115.12,51
140.71,383
148.82,414
156.83,107
169.41,59
173.75,52
177.98,49
182.12,45
185.99,40
195.97,37
199.83,37
203.61,37
216.8,162
221.9,160
232.59,95
236.97,74
246.96,68
251.13,68
255.25,72
266.61,38
270.84,33
274.88,32
279.19,42
283.34,33
295.93,73
301.26,77
312.41,47
316.27,40
320.89,48
330.36,48
334.53,43
338.97,34
342.85,30
353.27,27
357.35,30
361.76,42
9.8,90
19.67,68
23.69,68
35.19,33
39.05,27
49.4,25
53.77,33
57.8,57
67.46,54
71.18,52
80.75,56
84.72,56
88.93,56
93.03,44
103.6,39
107.49,44
125.36,1
137.81,427
154.21,404
159.26,82
171.98,60
176.27,56
186.58,43
190.62,42
194.71,39
198.64,38
202.52,37
206.4,34
212.7,77
223.66,162
229.01,157
234.06,145
238.54,75
242.87,75
252.89,70
256.94,70
268.25,38
272.5,34
276.53,33
287.74,33
293.58,64
307.02,71
310.84,38
320.93,47
325.56,45
335.0,47
339.0,39
349.59,28
353.61,29
357.6,28
10.96,87
15.0,56
19.01,67
29.24,81
33.34,75
44.99,191
50.6,116
60.37,62
64.45,59
68.43,56
72.4,55
76.22,55
85.83,57
89.98,48
100.03,42
109.16,343
123.74,429
132.47,79
151.52,415
160.34,116
172.61,63
177.1,58
181.21,50
191.56,42
195.58,38
199.54,39
203.25,40
215.9,167
221.04,161
232.47,157
236.95,89
247.48,72
251.66,68
255.64,69
266.11,38
270.14,30
281.22,38
285.56,37
289.64,35
303.05,75
308.86,58
319.08,35
323.71,52
333.67,47
337.97,47
342.61,40
346.73,32
350.83,29
354.69,28
365.39,38
369.94,87
373.9,53
378.08,68
382.23,67
386.3,72
32.46,95
38.0,191
43.52,189
47.88,65
51.9,62
55.78,62
65.4,55
69.36,55
73.24,52
82.75,37
86.54,40
90.24,42
104.34,344
111.86,366
127.22,768
133.94,1
148.76,364
153.96,80
166.26,58
170.55,52
180.79,39
184.61,40
194.43,34
198.07,35
211.18,163
216.44,161
221.78,157
226.93,151
231.31,75
241.81,69
246.0,70
250.04,70
261.22,33
265.44,37
276.41,38
280.73,37
286.5,60
291.5,76
296.5,74
308.38,49
312.2,35
316.98,52
326.66,48
330.62,47
341.32,29
345.14,30
355.8,29
360.44,76
370.44,64
374.45,67
28.35,73
32.42,76
43.86,189
48.92,94
58.78,64
62.91,59
66.81,57
76.34,35
79.96,39
89.4,54
93.51,71
107.36,340
114.81,372
134.62,1
143.79,402
151.09,337
164.57,68
168.89,58
179.3,45
183.25,42
193.25,37
196.98,38
209.72,162
214.8,162
226.15,156
230.62,98
241.17,74
245.33,67
249.32,69
260.05,42
264.45,35
268.69,33
272.49,33
283.65,37
289.48,72
302.98,62
306.82,35
311.02,48
314.87,38
319.78,51
329.27,47
333.51,43
338.1,37
342.14,29
346.18,29
350.04,28
361.56,70
365.89,65
369.84,54
373.99,67
21.21,67
25.58,79
29.67,74
41.16,191
46.76,188
50.81,70
60.63,65
64.49,42
73.79,40
77.44,40
87.24,60
91.35,64
95.7,71
99.93,73
107.2,344
114.7,366
130.44,780
149.15,418
155.31,93
167.9,63
172.35,56
176.44,49
186.68,43
190.56,39
200.29,35
204.06,34
217.42,162
222.54,159
233.55,84
238.11,75
242.49,75
246.67,68
250.85,69
255.22,71
260.2,70
271.25,37
275.17,32
286.25,37
292.25,66
305.93,57
309.88,35
314.13,47
317.89,37
328.62,50
332.5,47
336.71,39
341.07,38
351.57,28
355.64,28
359.58,29
370.63,66
14.77,53
18.94,67
23.11,67
27.5,77
31.6,74
43.27,191
48.78,189
59.24,39
62.77,33
72.25,37
75.99,40
79.85,49
83.77,58
93.49,62
97.65,67
101.77,68
110.78,339
125.62,455
132.93,1
143.56,386
151.68,416
159.74,103
165.05,76
169.88,63
174.76,60
178.95,49
183.2,48
187.34,43
191.22,38
201.48,38
205.31,37
209.58,39
215.52,161
220.67,162
232.12,157
236.78,90
241.33,75
245.78,76
249.97,69
254.0,68
264.98,54
269.4,35
273.29,30
284.41,42
288.73,38
294.83,63
308.45,64
312.34,35
316.53,49
327.25,47
331.03,51
341.1,42
345.48,32
349.63,29
353.69,27
357.86,32
361.97,29
366.31,45
10.6,85
14.61,54
19.0,67
23.19,68
27.75,77
32.01,76
36.15,77
47.69,185
51.41,33
60.85,35
64.47,38
74.11,61
78.14,60
81.99,59
91.91,59
95.86,62
111.29,334
118.99,365
134.57,764
145.79,377
154.11,413
159.49,81
164.64,74
176.14,54
180.19,51
190.4,40
194.44,40
198.24,37
207.95,35
214.95,140
220.19,162
231.43,157
236.18,111
246.77,74
250.94,68
255.15,70
265.95,40
270.19,35
281.08,35
285.46,35
289.49,33
302.77,75
308.55,61
312.35,35
322.55,48
327.36,45
331.11,50
341.09,40
345.23,35
355.64,29
359.44,28
11.62,90
15.63,53
19.8,67
23.82,67
33.93,74
38.08,78
50.31,29
54.38,29
64.44,34
68.32,48
72.19,59
81.83,58
85.84,58
89.67,58
99.38,64
103.51,64
112.85,333
120.44,368
135.1,765
146.15,376
154.46,416
160.11,88
172.85,64
177.23,55
181.55,50
185.69,48
189.82,42
193.8,38
197.68,39
207.29,37
213.64,78
224.73,161
230.15,157
235.25,144
239.73,74
244.3,75
248.62,70
252.8,68
256.99,69
261.25,75
266.36,44
277.25,30
281.42,35
293.2,39
298.6,75
303.61,69
309.73,57
313.56,34
317.6,47
328.12,44
332.04,51
335.92,47
340.2,45
344.72,34
348.88,30
352.89,27
356.96,28
360.95,28
372.1,74
375.99,54
385.92,68
25.2,81
36.52,188
42.88,168
52.57,64
56.56,66
66.39,57
70.36,56
74.78,56
78.77,57
82.78,59
86.85,60
92.0,62
106.08,330
113.66,369
128.24,762
139.41,380
154.14,106
159.4,74
170.93,56
175.11,48
179.13,47
189.37,37
193.12,39
203.09,33
208.9,165
214.24,161
219.57,160
224.88,157
235.48,75
239.62,74
249.52,70
253.66,73
265.2,35
269.47,38
273.75,39
286.21,51
291.36,77
296.69,78
302.22,49
312.3,37
316.98,59
320.99,50
324.89,49
328.78,49
332.93,43
343.69,30
347.73,29
351.84,32
356.07,33
360.89,92
364.98,57
369.07,61
373.23,68
21.77,69
31.94,78
39.05,112
42.74,35
52.39,55
56.25,58
66.09,58
69.89,55
79.66,58
83.66,58
87.6,59
97.74,70
105.95,341
113.23,367
133.0,428
142.83,391
150.39,349
156.02,86
168.31,56
172.6,52
176.72,50
187.02,42
191.11,39
194.97,40
198.79,37
202.96,38
209.33,164
220.49,161
225.98,158
230.56,91
241.05,72
245.1,69
254.92,75
259.28,38
270.22,34
274.53,32
286.75,53
291.94,75
296.69,73
308.86,44
312.76,37
317.05,62
327.98,22
331.84,18
335.64,15
339.55,14
343.21,12
346.82,12
350.48,13
354.12,10
357.7,10
361.14,12
370.65,13
374.3,12
22.01,14
32.52,24
36.93,33
41.43,39
46.17,34
49.23,45
58.95,59
62.98,59
66.88,56
76.56,55
80.42,56
90.04,59
94.15,62
98.43,69
107.31,337
120.94,1
128.51,1
139.48,386
155.34,131
160.64,71
165.56,65
170.03,57
174.4,53
178.86,47
182.8,43
192.75,39
196.6,38
200.29,37
213.21,165
218.53,161
223.98,158
229.09,143
233.6,76
238.18,76
242.41,71
246.51,68
257.15,73
261.38,39
265.7,35
276.87,40
281.27,40
286.42,40
291.68,80
304.41,47
308.5,42
312.38,37
316.5,53
320.81,35
325.56,29
329.62,19
333.29,15
343.09,13
346.71,13
350.18,12
360.04,13
363.67,13
367.52,13
371.2,12
18.25,13
21.95,10
25.7,13
29.51,13
33.4,19
44.54,34
48.67,37
52.46,51
62.22,60
66.25,57
70.07,53
79.64,54
83.57,55
87.58,56
91.49,56
101.42,68
109.87,335
117.58,371
131.84,764
143.27,374
151.67,407
157.01,85
162.35,76
167.31,66
178.03,47
182.17,44
192.25,37
196.24,39
200.0,37
212.51,166
217.83,161
223.15,160
228.66,157
233.37,97
237.93,74
242.25,76
252.25,69
256.58,73
261.8,50
266.15,38
270.26,38
281.35,33
286.12,35
292.47,73
297.19,75
309.73,34
314.45,43
324.42,34
328.88,28
332.83,19
336.56,20
346.42,17
349.93,14
359.66,10
363.13,13
372.65,13
17.44,12
27.38,14
31.26,14
35.21,22
39.23,29
50.37,44
54.32,52
58.09,53
67.75,57
71.57,54
81.2,53
85.21,56
89.21,56
93.24,58
97.36,60
101.41,66
114.97,345
123.77,425
132.48,72
152.08,414
160.18,101
165.5,74
170.34,60
181.4,49
185.49,44
195.66,39
199.64,38
203.5,38
207.25,35
219.77,164
224.94,161
236.17,136
240.55,75
250.93,69
255.15,69
259.22,70
270.51,37
274.83,37
278.82,30
290.02,33
295.85,63
309.16,72
313.1,34
323.32,43
327.79,39
332.52,34
342.77,15
346.34,17
355.93,14
359.57,13
363.21,13
366.85,13
7.54,12
17.07,10
20.53,13
30.35,14
34.18,19
44.65,29
49.54,43
59.51,56
63.61,60
67.49,59
77.06,53
81.07,56
85.08,57
88.96,57
98.78,62
102.82,68
118.36,367
134.02,765
144.49,383
152.72,418
159.36,98
171.96,64
176.39,58
180.7,50
184.77,44
195.02,40
