0.0,274
2.81,282
8.44,282
14.06,104
19.69,109
22.5,143
25.31,141
28.12,277
33.75,227
36.56,62
53.44,76
61.88,197
64.69,194
67.5,176
81.56,184
84.38,187
143.44,45
149.06,91
151.88,107
154.69,103
157.5,103
160.31,98
165.94,98
168.75,94
171.56,84
174.38,84
180.0,91
182.81,91
185.62,110
188.44,98
191.25,106
194.06,114
199.69,111
202.5,108
205.31,137
213.75,143
216.56,153
219.38,169
222.19,169
225.0,159
230.62,151
233.44,142
236.25,136
241.88,129
250.31,133
255.94,127
264.38,129
267.19,123
270.0,125
272.81,127
281.25,141
284.06,140
289.69,144
298.12,106
306.56,73
315.0,70
317.81,83
320.62,86
323.44,77
326.25,81
329.06,273
345.94,268
348.75,266
351.56,270
354.38,275
357.19,269
0.0,270
2.81,314
5.62,299
8.44,468
19.69,360
25.31,163
30.94,159
36.56,178
39.38,150
42.19,121
53.44,27
56.25,180
61.88,204
64.69,195
70.31,191
73.12,180
78.75,187
143.44,26
146.25,61
149.06,94
151.88,93
157.5,94
160.31,96
163.12,95
168.75,94
174.38,95
177.19,85
180.0,87
182.81,100
188.44,96
191.25,108
194.06,116
196.88,116
199.69,128
208.12,140
213.75,142
216.56,169
225.0,161
227.81,158
233.44,145
239.06,144
241.88,137
247.5,132
250.31,134
255.94,132
258.75,133
264.38,135
270.0,135
272.81,137
278.44,136
281.25,144
284.06,144
289.69,124
298.12,106
306.56,71
317.81,81
320.62,85
323.44,86
326.25,89
331.88,240
334.69,272
340.31,272
345.94,271
351.56,271
354.38,273
357.19,270
0.0,272
2.81,307
5.62,290
11.25,333
19.69,373
22.5,307
28.12,295
30.94,290
45.0,83
50.62,13
53.44,44
59.06,157
61.88,196
64.69,194
67.5,182
70.31,189
75.94,187
78.75,181
81.56,182
84.38,187
132.19,15
140.62,14
143.44,51
149.06,89
151.88,92
160.31,97
165.94,96
168.75,97
171.56,98
174.38,87
180.0,86
182.81,93
185.62,93
188.44,101
196.88,114
199.69,119
202.5,119
205.31,130
208.12,143
213.75,152
216.56,163
222.19,165
225.0,158
230.62,155
233.44,155
236.25,150
239.06,151
241.88,142
244.69,136
247.5,128
250.31,130
253.12,129
258.75,126
261.56,135
264.38,138
267.19,137
270.0,135
272.81,135
275.62,133
281.25,135
286.88,138
289.69,144
292.5,116
298.12,106
300.94,106
303.75,73
306.56,63
315.0,61
317.81,78
323.44,82
329.06,90
331.88,275
337.5,269
340.31,264
348.75,262
351.56,268
357.19,266
0.0,270
2.81,306
5.62,298
8.44,294
11.25,525
19.69,364
22.5,314
28.12,279
33.75,296
39.38,287
45.0,24
50.62,29
53.44,99
61.88,169
67.5,169
70.31,190
78.75,165
84.38,189
87.19,9877
143.44,13
146.25,75
149.06,100
151.88,93
160.31,98
165.94,95
168.75,93
171.56,92
174.38,96
177.19,85
180.0,85
182.81,92
188.44,105
191.25,104
194.06,110
196.88,114
199.69,114
202.5,114
205.31,140
210.94,140
213.75,150
222.19,159
227.81,158
230.62,154
233.44,147
239.06,147
241.88,140
247.5,134
264.38,136
267.19,135
272.81,136
275.62,139
278.44,137
281.25,135
284.06,134
286.88,142
292.5,132
298.12,103
306.56,72
315.0,59
317.81,70
320.62,72
326.25,76
329.06,85
331.88,261
334.69,268
343.12,266
345.94,264
354.38,269
357.19,269
0.0,266
2.81,315
5.62,301
8.44,527
19.69,384
25.31,316
28.12,283
33.75,296
36.56,331
42.19,44
50.62,18
56.25,69
59.06,162
64.69,190
70.31,198
73.12,197
75.94,143
81.56,182
84.38,193
146.25,55
149.06,98
154.69,95
157.5,90
165.94,91
168.75,90
171.56,90
174.38,93
177.19,86
180.0,85
182.81,103
188.44,92
191.25,108
199.69,109
202.5,116
205.31,116
208.12,129
210.94,143
213.75,149
216.56,166
222.19,171
225.0,156
230.62,150
233.44,141
236.25,142
239.06,142
241.88,141
244.69,140
247.5,134
250.31,132
255.94,128
258.75,124
264.38,126
270.0,127
272.81,133
275.62,140
278.44,141
281.25,142
286.88,136
289.69,140
298.12,96
303.75,66
306.56,66
309.38,67
315.0,77
320.62,82
323.44,72
326.25,74
329.06,86
334.69,269
337.5,274
343.12,281
345.94,271
354.38,278
357.19,267
2.81,305
5.62,288
8.44,317
16.88,213
22.5,174
30.94,179
36.56,191
47.81,33
53.44,19
56.25,107
64.69,194
73.12,196
75.94,146
81.56,181
84.38,193
146.25,45
149.06,107
154.69,106
157.5,102
160.31,101
163.12,97
171.56,94
177.19,93
180.0,96
185.62,107
188.44,100
191.25,105
194.06,111
199.69,111
202.5,135
210.94,149
216.56,156
219.38,169
225.0,160
233.44,144
241.88,145
244.69,137
250.31,138
253.12,135
255.94,127
258.75,126
264.38,127
270.0,130
272.81,138
275.62,140
281.25,142
284.06,140
286.88,146
289.69,142
298.12,103
303.75,79
309.38,76
315.0,80
320.62,84
323.44,78
329.06,87
331.88,92
334.69,276
337.5,276
340.31,274
343.12,270
345.94,267
348.75,266
351.56,277
0.0,268
2.81,306
5.62,239
11.25,275
14.06,268
16.88,222
22.5,245
25.31,308
28.12,293
30.94,291
39.38,66
56.25,54
61.88,195
64.69,186
73.12,181
78.75,161
81.56,191
143.44,61
149.06,100
151.88,109
154.69,103
160.31,107
163.12,102
165.94,101
168.75,91
174.38,94
180.0,87
182.81,94
185.62,107
188.44,99
191.25,109
194.06,114
196.88,113
202.5,114
205.31,117
210.94,140
213.75,144
216.56,160
222.19,170
227.81,158
230.62,140
239.06,141
244.69,137
247.5,134
250.31,135
253.12,139
255.94,129
261.56,126
270.0,123
272.81,135
275.62,139
278.44,141
281.25,145
284.06,142
289.69,141
292.5,102
300.94,68
306.56,69
309.38,72
317.81,74
320.62,85
323.44,79
326.25,86
334.69,267
340.31,268
343.12,273
345.94,264
351.56,268
354.38,269
357.19,266
0.0,284
5.62,303
8.44,299
14.06,449
16.88,238
19.69,242
22.5,276
25.31,308
30.94,292
33.75,297
39.38,151
56.25,35
59.06,192
61.88,204
64.69,198
67.5,194
70.31,198
73.12,188
78.75,138
81.56,191
87.19,189
92.81,8904
140.62,33
146.25,102
151.88,103
157.5,108
163.12,108
165.94,101
168.75,93
171.56,91
177.19,87
180.0,83
185.62,106
188.44,97
191.25,110
194.06,115
196.88,114
202.5,114
205.31,120
208.12,133
210.94,133
213.75,142
216.56,152
219.38,161
222.19,163
225.0,155
227.81,152
233.44,145
236.25,137
239.06,135
244.69,128
250.31,130
253.12,131
255.94,130
261.56,131
264.38,133
267.19,128
270.0,134
278.44,138
284.06,145
286.88,140
289.69,151
295.31,119
303.75,71
309.38,59
312.19,65
315.0,71
317.81,71
320.62,77
326.25,80
331.88,93
334.69,268
337.5,264
343.12,262
348.75,261
351.56,267
354.38,266
357.19,265
0.0,276
2.81,319
5.62,290
11.25,302
14.06,493
19.69,244
22.5,241
25.31,241
28.12,293
30.94,293
33.75,255
36.56,322
42.19,57
56.25,24
59.06,136
61.88,199
64.69,199
67.5,197
73.12,197
75.94,180
78.75,177
81.56,190
146.25,73
149.06,94
154.69,92
157.5,97
165.94,94
168.75,94
171.56,91
177.19,86
182.81,83
185.62,88
191.25,109
196.88,111
202.5,116
205.31,125
210.94,135
213.75,145
216.56,155
222.19,159
225.0,157
227.81,157
230.62,158
233.44,149
236.25,147
239.06,143
241.88,139
244.69,135
250.31,132
253.12,126
258.75,128
264.38,136
267.19,133
270.0,131
272.81,137
275.62,131
281.25,133
284.06,134
289.69,140
292.5,147
295.31,102
300.94,73
309.38,68
317.81,78
323.44,80
326.25,82
329.06,87
331.88,270
337.5,270
340.31,264
348.75,265
354.38,265
357.19,269
0.0,270
2.81,293
5.62,296
8.44,289
11.25,300
14.06,502
19.69,180
25.31,184
28.12,194
30.94,233
45.0,15
53.44,31
59.06,195
64.69,191
70.31,192
73.12,188
75.94,178
78.75,176
84.38,186
87.19,185
140.62,22
143.44,27
146.25,104
154.69,96
160.31,96
163.12,96
165.94,95
168.75,96
171.56,97
177.19,96
180.0,89
182.81,86
185.62,93
188.44,90
191.25,93
194.06,109
196.88,114
199.69,115
202.5,120
208.12,134
210.94,143
213.75,148
216.56,164
222.19,166
225.0,161
230.62,158
233.44,156
236.25,148
239.06,150
241.88,142
247.5,137
250.31,129
255.94,127
261.56,140
267.19,132
270.0,132
275.62,137
278.44,134
281.25,136
284.06,140
289.69,144
292.5,129
300.94,101
303.75,74
306.56,61
309.38,62
315.0,59
317.81,76
323.44,79
326.25,86
331.88,273
337.5,269
340.31,267
345.94,267
348.75,264
354.38,267
357.19,269
2.81,291
14.06,93
19.69,101
25.31,101
28.12,106
30.94,109
33.75,111
36.56,190
45.0,93
47.81,29
53.44,15
56.25,28
59.06,186
64.69,194
67.5,189
73.12,196
75.94,188
78.75,149
81.56,197
87.19,198
104.06,10290
143.44,15
146.25,79
149.06,98
151.88,95
157.5,93
160.31,92
165.94,94
168.75,91
171.56,95
174.38,97
177.19,90
182.81,88
185.62,94
191.25,95
194.06,112
196.88,114
199.69,114
202.5,122
208.12,129
210.94,143
213.75,146
216.56,167
225.0,157
230.62,153
233.44,150
236.25,147
239.06,148
241.88,138
247.5,134
250.31,127
255.94,126
258.75,125
261.56,128
264.38,135
267.19,131
270.0,131
272.81,134
275.62,138
278.44,136
281.25,136
284.06,138
286.88,132
289.69,144
295.31,106
300.94,101
303.75,69
306.56,66
315.0,58
317.81,70
320.62,76
323.44,78
329.06,84
331.88,91
334.69,271
337.5,270
340.31,270
343.12,270
345.94,267
348.75,263
354.38,261
357.19,264
0.0,266
2.81,231
5.62,91
8.44,44
11.25,45
16.88,48
19.69,97
22.5,106
25.31,196
28.12,287
30.94,281
33.75,304
39.38,249
45.0,43
47.81,38
50.62,28
59.06,194
67.5,196
73.12,196
75.94,191
78.75,183
84.38,187
87.19,160
143.44,29
146.25,98
151.88,106
154.69,101
157.5,102
160.31,98
168.75,95
171.56,93
174.38,95
177.19,96
180.0,95
182.81,99
185.62,98
191.25,99
194.06,104
196.88,109
202.5,112
205.31,115
208.12,138
210.94,144
216.56,153
219.38,169
222.19,165
225.0,158
230.62,149
233.44,144
236.25,140
239.06,140
241.88,140
244.69,131
250.31,131
253.12,130
255.94,126
258.75,122
261.56,128
264.38,128
267.19,124
270.0,131
272.81,131
275.62,139
278.44,143
281.25,146
284.06,145
289.69,145
292.5,113
300.94,103
303.75,67
306.56,71
309.38,83
317.81,82
323.44,86
331.88,267
337.5,271
340.31,272
345.94,269
348.75,267
354.38,270
357.19,265
